DROP DATABASE IF EXISTS CLUB;
CREATE DATABASE CLUB;
USE CLUB;

DROP TABLE IF EXISTS tblMembers;
CREATE TABLE tblMembers (
  MemID VARCHAR(4) NOT NULL,
  LastName VARCHAR(30),
  FirstName VARCHAR(30),
  MiddleName VARCHAR(15),
  Status VARCHAR(1),
  MemDt DATE,
  YTD_Total DOUBLE,
  YTD_Total_Dt DOUBLE,
  Password INT,

  PRIMARY KEY(MemID) 
);

INSERT INTO tblMembers VALUES 
('A043','Abraham','Joan','G.','C','1998-03-10',Null,Null,18),
('B146','Boyle','John','W.','C','1998-02-17',Null,Null,29),
('C099','Crisp II','Harry','L.','C','1998-01-01',Null,Null,40),
('C355','Creech','Tina','E.','C','1998-03-27',Null,Null,51),
('D053','Dougherty','James','A.','C','1998-02-18',Null,Null,62),
('D110','DeFosset','Dan','D.','C','1998-02-23',Null,Null,73),
('E211','Ekvall','Daniel','F.','C','2000-02-22',Null,Null,84),
('F200','Frierdich','Rebecca','P.','C','1998-01-01',Null,Null,95),
('G116','Goldwasser','Robert','A.','C','1998-03-02',Null,Null,106),
('G305','Gibson','Dana','T.','C','1999-03-26',Null,Null,117),
('H019','Harrison','William','John','C','1998-03-17',Null,Null,128),
('J061','Johnson','Donna','Edwin','C','1998-01-01',Null,Null,139),
('K132','Kutis III','Thomas','Frank','C','1998-02-20',Null,Null,150),
('L105','Lizenby','Jill','G.','C','1998-03-04',Null,Null,161),
('M111','Marks','William','E.','C','1998-02-18',Null,Null,172),
('P109','Phillips','David','H.','C','1998-02-17',Null,Null,183),
('S511','Schwadron','Richard','A.','C','1998-02-19',Null,Null,194),
('S526','Squires','Bradley','S.','C','1998-02-17',Null,Null,205),
('T187','Tarpinian','Kim','C.','C','2000-04-07',Null,Null,216),
('U014','Uline','Steve','T.','C','1998-02-20',Null,Null,227),
('V063','Viola','Mary','P.','C','1998-02-23',Null,Null,238),
('W147','Warmann','Floyd','C.','C','1998-01-01',Null,Null,249),
('W155','Wilson','Frederick','T.','C','1998-03-10',Null,Null,260),
('X770','Huber','Richard','K.','C','1996-04-08',Null,Null,271),
('Y027','Young','Kathy','C.','C','1998-02-24',Null,Null,282),
('Z005','Zimmerman','Nancy','L.','C','1998-02-18',Null,Null,293);

DROP TABLE IF EXISTS tblCodes;
CREATE TABLE tblCodes (
   TransCd VARCHAR(2) NOT NULL,
   TransType VARCHAR(1),
   TransDesc VARCHAR(50),

   PRIMARY KEY(TransCd)
);

INSERT INTO tblCodes VALUES 
('00','C','Payment'),
('01','D','Dues'),
('02','D','Food'),
('03','D','Bar'),
('21','D','Sports Bar - Food'),
('22','D','Sports Bar - Drink'),
('25','D','Retail Purchase (Novelty)'),
('EF','D','Entertainment Fee'),
('FR','D','Facility Rent - Club'),
('LF','D','Late Fee'),
('NS','D','NoShow'),
('VP','D','Valet Parking');

DROP TABLE IF EXISTS tblPurchases; 
CREATE TABLE tblPurchases (
   ID BIGINT NOT NULL AUTO_INCREMENT,
   MemId VARCHAR(4),
   PurchaseDt DATE,
   TransType VARCHAR(1),
   TransCd VARCHAR(2),
   Amount DOUBLE,
   
   PRIMARY KEY(ID)
);

INSERT INTO tblPurchases (MemID, PurchaseDt, TransType, TransCd, Amount) VALUES 
('A043','2016-04-23','D','21',23.8),
('A043','2016-05-23','D','22',57.65),
('A043','2016-06-26','D','02',122.4),
('A043','2016-08-26','D','03',65.6),
('B146','2016-04-22','D','22',8.2),
('B146','2016-05-22','D','21',6.25),
('B146','2016-06-22','D','22',46.35),
('B146','2016-08-22','D','21',35.65),
('B146','2016-10-02','D','21',8.5),
('B146','2016-10-02','D','22',17.7),
('C099','2016-04-03','D','02',78.8),
('C099','2016-06-03','D','03',26.75),
('C099','2016-08-06','D','22',7.9),
('C099','2016-09-21','D','21',8.95),
('C099','2016-10-20','D','03',17.1),
('C099','2016-07-21','D','22',52.9),
('C355','2016-06-03','D','03',42.8),
('C355','2016-07-13','D','02',40.4),
('C355','2016-08-03','D','EF',135),
('C355','2016-08-22','D','03',19.6),
('C355','2016-10-22','D','03',34.1),
('C355','2016-07-22','D','02',47.6),
('D053','2016-04-06','D','21',10.9),
('D053','2016-06-06','D','22',3.9),
('D053','2016-09-21','D','02',51.8),
('D053','2016-10-21','D','03',15.8),
('D053','2016-07-21','D','03',7.9),
('D110','2016-04-20','D','03',6.7),
('D110','2016-04-20','D','02',10.45),
('E211','2016-04-06','D','FR',100),
('E211','2016-04-20','D','22',9.5),
('E211','2016-04-20','D','22',7.9),
('E211','2016-04-20','D','22',10.9),
('F200','2016-04-05','D','22',33.9),
('F200','2016-04-05','D','21',21.9),
('F200','2016-04-18','D','22',35.55),
('F200','2016-04-19','D','22',63.2),
('F200','2016-04-27','D','22',17.95),
('G116','2016-04-05','D','03',15.8),
('G116','2016-04-05','D','02',99.7),
('G116','2016-04-22','D','02',97.3),
('G116','2016-04-22','D','03',3.9),
('G116','2016-04-23','D','02',57.8),
('G116','2016-04-23','D','03',5.85),
('G305','2016-04-03','D','22',3.95),
('G305','2016-04-07','D','22',5.9),
('G305','2016-04-08','D','22',69),
('G305','2016-04-27','D','22',79),
('G305','2016-05-02','D','21',17.45),
('G305','2016-05-02','D','22',1.95),
('G305','2016-05-02','D','22',44.55),
('G305','2016-05-03','D','22',15.8),
('G305','2016-05-03','D','21',15.2),
('H019','2016-04-21','D','21',26.7),
('H019','2016-04-21','D','22',15.75),
('J061','2016-04-03','D','22',6.5),
('J061','2016-04-07','D','02',101.65),
('J061','2016-04-20','D','02',101.65),
('J061','2016-04-20','D','03',25.05),
('K132','2016-04-27','D','22',48.75),
('L105','2016-04-03','D','02',74.85),
('M111','2016-04-18','D','02',82.85),
('M111','2016-04-18','D','03',45.5),
('P109','2016-04-07','D','03',55.35),
('P109','2016-04-07','D','02',175.5),
('P109','2016-04-07','D','03',25.65),
('S511','2016-04-03','D','02',81.85),
('S511','2016-04-03','D','03',3.9),
('S511','2016-04-06','D','22',39),
('S511','2016-04-06','D','21',27.6),
('S511','2016-04-08','D','22',7.8),
('S511','2016-04-08','D','21',18.45),
('S511','2016-04-08','D','21',8.95),
('S511','2016-04-18','D','03',1.95),
('S511','2016-04-18','D','02',67.05),
('S511','2016-04-20','D','22',3.9),
('S511','2016-04-20','D','21',28.1),
('S511','2016-04-21','D','02',64.9),
('S511','2016-04-21','D','03',3.9),
('S511','2016-04-22','D','03',1.95),
('S511','2016-04-22','D','02',122.3),
('S511','2016-04-23','D','02',36.45),
('S511','2016-04-23','D','03',31.9),
('S511','2016-04-26','D','03',13.9),
('S511','2016-04-26','D','03',7.9),
('S511','2016-04-26','D','EF',50),
('S511','2016-04-26','D','FR',100),
('S511','2016-05-02','D','02',10.95),
('S511','2016-05-02','D','03',3.9),
('S511','2016-05-02','D','02',126.75),
('S511','2016-05-03','D','22',1.95),
('S511','2016-05-03','D','VP',7.5),
('S526','2016-04-21','D','02',71.85),
('S526','2016-04-21','D','03',13.25),
('S526','2016-04-21','D','22',12.15),
('T187','2016-05-03','D','02',94.4),
('T187','2016-05-03','D','03',27.75),
('U014','2016-04-23','D','02',45.05),
('U014','2016-04-23','D','03',7.8),
('V063','2016-04-21','D','02',1.95),
('V063','2016-04-21','D','03',20.85),
('V063','2016-04-21','D','02',77),
('V063','2016-04-21','D','03',65.75),
('W147','2016-04-03','D','22',20.9),
('W147','2016-04-03','D','22',21.75),
('W147','2016-04-03','D','03',17.1),
('W147','2016-04-07','D','03',27.95),
('W147','2016-04-07','D','22',3.95),
('W147','2016-04-07','D','22',8.6),
('W155','2016-04-03','D','03',73),
('W155','2016-04-03','D','02',111.75),
('W155','2016-04-06','D','TK',116.5),
('W155','2016-04-06','D','03',24.4),
('W155','2016-04-27','D','02',25.5),
('W155','2016-04-27','D','03',33),
('X770','2016-04-21','D','22',65.45),
('Y027','2016-04-21','D','03',12),
('Y027','2016-04-21','D','02',51.8),
('Z005','2016-04-26','D','22',14.75),
('Z005','2016-04-26','D','21',24.4),
('A043','2016-08-30','C','00',200),
('B146','2016-07-29','C','00',122.65),
('C099','2016-07-29','C','00',175),
('D053','2016-07-29','C','00',90.3),
('D110','2016-05-20','C','00',17.15),
('E211','2016-04-30','C','00',31.6),
('F200','2016-05-27','C','00',201),
('G116','2016-06-23','C','00',250),
('H019','2016-07-21','C','00',42.45),
('J061','2016-08-20','C','00',225),
('K132','2016-09-27','C','00',20),
('L105','2016-10-03','C','00',50),
('M111','2016-07-18','C','00',100),
('P109','2016-05-07','C','00',200),
('S511','2016-06-03','C','00',500),
('S526','2016-05-21','C','00',97.25),
('T187','2016-06-03','C','00',100),
('U014','2016-07-23','C','00',50),
('V063','2016-07-31','C','00',150),
('W147','2016-08-31','C','00',100.25),
('W155','2016-05-30','C','00',225),
('Z005','2016-05-30','C','00',39.15),
('A043','2016-04-25','D','21',28.8),
('A043','2016-04-25','D','22',62.65),
('A043','2016-04-28','D','02',127.4),
('A043','2016-04-28','D','03',70.6),
('B146','2016-04-24','D','22',13.2),
('B146','2016-04-24','D','21',11.25),
('B146','2016-04-24','D','22',51.35),
('B146','2016-04-24','D','21',40.65),
('B146','2016-05-04','D','21',13.5),
('B146','2016-05-04','D','22',22.7),
('C099','2016-04-05','D','02',83.8),
('C099','2016-04-05','D','03',31.75),
('C099','2016-04-08','D','22',12.9),
('C099','2016-04-23','D','21',13.95),
('C099','2016-04-23','D','03',22.1),
('C099','2016-04-23','D','22',57.9),
('C355','2016-04-05','D','03',47.8),
('C355','2016-04-05','D','02',45.4),
('C355','2016-04-05','D','22',18.5),
('C355','2016-04-24','D','03',24.6),
('C355','2016-04-24','D','03',39.1),
('C355','2016-04-24','D','02',52.6),
('D053','2016-04-08','D','21',15.9),
('D053','2016-04-08','D','22',8.9),
('D053','2016-04-23','D','02',56.8),
('D053','2016-04-23','D','03',20.8),
('D053','2016-04-23','D','03',12.9),
('D110','2016-04-22','D','03',11.7),
('D110','2016-04-22','D','02',15.45),
('E211','2016-04-08','D','22',12.9),
('E211','2016-04-22','D','22',12.9),
('E211','2016-04-22','D','22',12.9),
('E211','2016-04-22','D','22',12.9),
('F200','2016-04-07','D','22',38.9),
('F200','2016-04-07','D','21',26.9),
('F200','2016-04-20','D','22',40.55),
('F200','2016-04-21','D','22',68.2),
('F200','2016-04-29','D','22',22.95),
('G116','2016-04-07','D','03',20.8),
('G116','2016-04-07','D','02',104.7),
('G116','2016-04-24','D','02',102.3),
('G116','2016-04-24','D','03',8.9),
('G116','2016-04-25','D','02',62.8),
('G116','2016-04-25','D','03',10.85),
('G305','2016-04-05','D','22',8.95),
('G305','2016-04-09','D','22',10.9),
('G305','2016-04-10','D','22',74),
('G305','2016-04-29','D','22',84),
('G305','2016-05-04','D','21',22.45),
('G305','2016-05-04','D','22',6.95),
('G305','2016-05-04','D','22',49.55),
('G305','2016-05-05','D','22',20.8),
('G305','2016-05-05','D','21',20.2),
('H019','2016-04-23','D','21',31.7),
('H019','2016-04-23','D','22',20.75),
('J061','2016-04-05','D','22',11.5),
('J061','2016-04-09','D','02',106.65),
('J061','2016-04-22','D','02',106.65),
('J061','2016-04-22','D','03',30.05),
('K132','2016-04-29','D','22',53.75),
('L105','2016-04-05','D','02',79.85),
('M111','2016-04-20','D','02',87.85),
('M111','2016-04-20','D','03',50.5),
('P109','2016-04-09','D','03',60.35),
('P109','2016-04-09','D','02',180.5),
('P109','2016-04-09','D','03',30.65),
('S511','2016-04-05','D','02',86.85),
('S511','2016-04-05','D','03',8.9),
('S511','2016-04-08','D','22',18.9),
('S511','2016-04-08','D','21',32.6),
('S511','2016-04-10','D','22',12.8),
('S511','2016-04-10','D','21',23.45),
('S511','2016-04-10','D','21',13.95),
('S511','2016-04-20','D','03',6.95),
('S511','2016-04-20','D','02',72.05),
('S511','2016-04-22','D','22',8.9),
('S511','2016-04-22','D','21',33.1),
('S511','2016-04-23','D','02',69.9),
('S511','2016-04-23','D','03',8.9),
('S511','2016-04-24','D','03',6.95),
('S511','2016-04-24','D','02',127.3),
('S511','2016-04-25','D','02',41.45),
('S511','2016-04-25','D','03',8.9),
('S511','2016-04-28','D','03',8.9),
('S511','2016-04-28','D','03',12.9),
('S511','2016-04-28','D','02',52.9),
('S511','2016-04-28','D','02',9.5),
('S511','2016-05-04','D','02',15.95),
('S511','2016-05-04','D','03',8.9),
('S511','2016-05-04','D','02',131.75),
('S511','2016-05-05','D','22',6.95),
('S511','2016-05-05','D','21',12.5),
('S526','2016-04-23','D','02',76.85),
('S526','2016-04-23','D','03',18.25),
('S526','2016-04-23','D','22',17.15),
('T187','2016-05-05','D','02',99.4),
('T187','2016-05-05','D','03',32.75),
('U014','2016-04-25','D','02',50.05),
('U014','2016-04-25','D','03',12.8),
('V063','2016-04-23','D','02',6.95),
('V063','2016-04-23','D','03',25.85),
('V063','2016-04-23','D','02',82),
('V063','2016-04-23','D','03',70.75),
('W147','2016-04-05','D','22',25.9),
('W147','2016-04-05','D','22',26.75),
('W147','2016-04-05','D','03',22.1),
('W147','2016-04-09','D','03',32.95),
('W147','2016-04-09','D','22',8.95),
('W147','2016-04-09','D','22',13.6),
('W155','2016-04-05','D','03',78),
('W155','2016-04-05','D','02',116.75),
('W155','2016-04-08','D','02',21.5),
('W155','2016-04-08','D','03',29.4),
('W155','2016-04-29','D','02',30.5),
('W155','2016-04-29','D','03',38),
('X770','2016-04-23','D','22',70.45),
('Y027','2016-04-23','D','03',17),
('Y027','2016-04-23','D','02',56.8),
('Z005','2016-04-28','D','22',19.75),
('Z005','2016-04-28','D','21',29.4),
('A043','2016-06-07','D','21',21.8),
('A043','2016-06-07','D','22',55.65),
('A043','2016-06-10','D','02',120.4),
('A043','2016-06-10','D','03',63.6),
('B146','2016-06-06','D','22',6.2),
('B146','2016-06-06','D','21',4.25),
('B146','2016-06-06','D','22',44.35),
('B146','2016-06-06','D','21',33.65),
('B146','2016-06-16','D','21',6.5),
('B146','2016-06-16','D','22',15.7),
('C099','2016-05-18','D','02',76.8),
('C099','2016-05-18','D','03',24.75),
('C099','2016-05-21','D','22',5.9),
('C099','2016-06-05','D','21',6.95),
('C099','2016-06-05','D','03',15.1),
('C099','2016-06-05','D','22',50.9),
('C355','2016-05-18','D','03',40.8),
('C355','2016-05-18','D','02',38.4),
('C355','2016-05-18','D','22',11.5),
('C355','2016-06-06','D','03',17.6),
('C355','2016-06-06','D','03',32.1),
('C355','2016-06-06','D','02',45.6),
('D053','2016-05-21','D','21',8.9),
('D053','2016-05-21','D','22',1.9),
('D053','2016-06-05','D','02',49.8),
('D053','2016-06-05','D','03',13.8),
('D053','2016-06-05','D','03',5.9),
('D110','2016-06-04','D','03',4.7),
('D110','2016-06-04','D','02',8.45),
('E211','2016-05-21','D','22',5.9),
('E211','2016-06-04','D','22',5.9),
('E211','2016-06-04','D','22',5.9),
('E211','2016-06-04','D','22',5.9),
('F200','2016-05-20','D','22',31.9),
('F200','2016-05-20','D','21',19.9),
('F200','2016-06-02','D','22',33.55),
('F200','2016-06-03','D','22',61.2),
('F200','2016-06-11','D','22',15.95),
('G116','2016-05-20','D','03',13.8),
('G116','2016-05-20','D','02',97.7),
('G116','2016-06-06','D','02',95.3),
('G116','2016-06-06','D','03',1.9),
('G116','2016-06-07','D','02',55.8),
('G116','2016-06-07','D','03',3.85),
('G305','2016-05-18','D','22',11.95),
('G305','2016-05-22','D','22',31.9),
('G305','2016-05-23','D','22',67),
('G305','2016-06-11','D','22',77),
('G305','2016-06-16','D','21',15.45),
('G305','2016-06-16','D','22',10.05),
('G305','2016-06-16','D','22',42.55),
('G305','2016-06-17','D','22',13.8),
('G305','2016-06-17','D','21',13.2),
('H019','2016-06-05','D','21',24.7),
('H019','2016-06-05','D','22',13.75),
('J061','2016-05-18','D','22',4.5),
('J061','2016-05-22','D','02',99.65),
('J061','2016-06-04','D','02',99.65),
('J061','2016-06-04','D','03',23.05),
('K132','2016-06-11','D','22',46.75),
('L105','2016-05-18','D','02',72.85),
('M111','2016-06-02','D','02',80.85),
('M111','2016-06-02','D','03',43.5),
('P109','2016-05-22','D','03',53.35),
('P109','2016-05-22','D','02',173.5),
('P109','2016-05-22','D','03',23.65),
('S511','2016-05-18','D','02',79.85),
('S511','2016-05-18','D','03',1.9),
('S511','2016-05-21','D','22',1.9),
('S511','2016-05-21','D','21',25.6),
('S511','2016-05-23','D','22',5.8),
('S511','2016-05-23','D','21',16.45),
('S511','2016-05-23','D','21',6.95),
('S511','2016-06-02','D','03',20.10),
('S511','2016-06-02','D','02',65.05),
('S511','2016-06-04','D','22',1.9),
('S511','2016-06-04','D','21',26.1),
('S511','2016-06-05','D','02',62.9),
('S511','2016-06-05','D','03',1.9),
('S511','2016-06-06','D','03',31.05),
('S511','2016-06-06','D','02',120.3),
('S511','2016-06-07','D','02',34.45),
('S511','2016-06-07','D','03',1.9),
('S511','2016-06-10','D','03',1.9),
('S511','2016-06-10','D','03',5.9),
('S511','2016-06-10','D','02',45.9),
('S511','2016-06-10','D','02',2.5),
('S511','2016-06-16','D','02',8.95),
('S511','2016-06-16','D','03',1.9),
('S511','2016-06-16','D','02',124.75),
('S511','2016-06-17','D','22',44.05),
('S511','2016-06-17','D','21',5.5),
('S526','2016-06-05','D','02',69.85),
('S526','2016-06-05','D','03',11.25),
('S526','2016-06-05','D','22',10.15),
('T187','2016-06-17','D','02',92.4),
('T187','2016-06-17','D','03',25.75),
('U014','2016-06-07','D','02',43.05),
('U014','2016-06-07','D','03',5.8),
('V063','2016-06-05','D','02',50),
('V063','2016-06-05','D','03',18.85),
('V063','2016-06-05','D','02',75),
('V063','2016-06-05','D','03',63.75),
('W147','2016-05-18','D','22',18.9),
('W147','2016-05-18','D','22',19.75),
('W147','2016-05-18','D','03',15.1),
('W147','2016-05-22','D','03',25.95),
('W147','2016-05-22','D','22',1.95),
('W147','2016-05-22','D','22',6.6),
('W155','2016-05-18','D','03',71),
('W155','2016-05-18','D','02',109.75),
('W155','2016-05-21','D','02',14.5),
('W155','2016-05-21','D','03',22.4),
('W155','2016-06-11','D','02',23.5),
('W155','2016-06-11','D','03',31),
('X770','2016-06-05','D','22',63.45),
('Y027','2016-06-05','D','03',10),
('Y027','2016-06-05','D','02',49.8),
('Z005','2016-06-10','D','22',12.75),
('Z005','2016-06-10','D','21',22.4),
('A043','2016-07-27','D','21',33.8),
('A043','2016-07-27','D','22',67.65),
('A043','2016-07-30','D','02',132.4),
('A043','2016-07-30','D','03',75.6),
('B146','2016-07-26','D','22',18.2),
('B146','2016-07-26','D','21',16.25),
('B146','2016-07-26','D','22',56.35),
('B146','2016-07-26','D','21',45.65),
('B146','2016-08-05','D','21',18.5),
('B146','2016-08-05','D','22',27.7),
('C099','2016-07-07','D','02',88.8),
('C099','2016-07-07','D','03',36.75),
('C099','2016-07-10','D','22',17.9),
('C099','2016-07-25','D','21',18.95),
('C099','2016-07-25','D','03',27.1),
('C099','2016-07-25','D','22',62.9),
('C355','2016-07-07','D','03',52.8),
('C355','2016-07-07','D','02',50.4),
('C355','2016-07-07','D','22',23.5),
('C355','2016-07-26','D','03',29.6),
('C355','2016-07-26','D','03',44.1),
('C355','2016-07-26','D','02',57.6),
('D053','2016-07-10','D','21',20.9),
('D053','2016-07-10','D','22',13.9),
('D053','2016-07-25','D','02',61.8),
('D053','2016-07-25','D','03',25.8),
('D053','2016-07-25','D','03',17.9),
('D110','2016-07-24','D','03',16.7),
('D110','2016-07-24','D','02',20.45),
('E211','2016-07-10','D','22',17.9),
('E211','2016-07-24','D','22',17.9),
('E211','2016-07-24','D','22',17.9),
('E211','2016-07-24','D','22',17.9),
('F200','2016-07-09','D','22',43.9),
('F200','2016-07-09','D','21',31.9),
('F200','2016-07-22','D','22',45.55),
('F200','2016-07-23','D','22',73.2),
('F200','2016-07-31','D','22',27.95),
('G116','2016-07-09','D','03',25.8),
('G116','2016-07-09','D','02',109.7),
('G116','2016-07-26','D','02',107.3),
('G116','2016-07-26','D','03',13.9),
('G116','2016-07-27','D','02',67.8),
('G116','2016-07-27','D','03',15.85),
('G305','2016-07-07','D','22',13.95),
('G305','2016-07-11','D','22',15.9),
('G305','2016-07-12','D','22',79),
('G305','2016-07-31','D','22',89),
('G305','2016-08-05','D','21',27.45),
('G305','2016-08-05','D','22',11.95),
('G305','2016-08-05','D','22',54.55),
('G305','2016-08-06','D','22',25.8),
('G305','2016-08-06','D','21',25.2),
('H019','2016-07-25','D','21',36.7),
('H019','2016-07-25','D','22',25.75),
('J061','2016-07-07','D','22',16.5),
('J061','2016-07-11','D','02',111.65),
('J061','2016-07-24','D','02',111.65),
('J061','2016-07-24','D','03',35.05),
('K132','2016-07-31','D','22',58.75),
('L105','2016-07-07','D','02',84.85),
('M111','2016-07-22','D','02',92.85),
('M111','2016-07-22','D','03',55.5),
('P109','2016-07-11','D','03',65.35),
('P109','2016-07-11','D','02',185.5),
('P109','2016-07-11','D','03',35.65),
('S511','2016-07-07','D','02',91.85),
('S511','2016-07-07','D','03',13.9),
('S511','2016-07-10','D','22',13.9),
('S511','2016-07-10','D','21',37.6),
('S511','2016-07-12','D','22',17.8),
('S511','2016-07-12','D','21',28.45),
('S511','2016-07-12','D','21',18.95),
('S511','2016-07-22','D','03',11.95),
('S511','2016-07-22','D','02',77.05),
('S511','2016-07-24','D','22',13.9),
('S511','2016-07-24','D','21',38.1),
('S511','2016-07-25','D','02',74.9),
('S511','2016-07-25','D','03',13.9),
('S511','2016-07-26','D','03',11.95),
('S511','2016-07-26','D','02',132.3),
('S511','2016-07-27','D','02',46.45),
('S511','2016-07-27','D','03',13.9),
('S511','2016-07-30','D','03',13.9),
('S511','2016-07-30','D','03',17.9),
('S511','2016-07-30','D','02',57.9),
('S511','2016-07-30','D','02',14.5),
('S511','2016-08-05','D','02',20.95),
('S511','2016-08-05','D','03',13.9),
('S511','2016-08-05','D','02',136.75),
('S511','2016-08-06','D','22',11.95),
('S511','2016-08-06','D','21',17.5),
('S526','2016-07-25','D','02',81.85),
('S526','2016-07-25','D','03',23.25),
('S526','2016-07-25','D','22',22.15),
('T187','2016-08-06','D','02',104.4),
('T187','2016-08-06','D','03',37.75),
('U014','2016-07-27','D','02',55.05),
('U014','2016-07-27','D','03',17.8),
('V063','2016-07-25','D','02',11.95),
('V063','2016-07-25','D','03',30.85),
('V063','2016-07-25','D','02',87),
('V063','2016-07-25','D','03',75.75),
('W147','2016-07-07','D','22',30.9),
('W147','2016-07-07','D','22',31.75),
('W147','2016-07-07','D','03',27.1),
('W147','2016-07-11','D','03',37.95),
('W147','2016-07-11','D','22',13.95),
('W147','2016-07-11','D','22',18.6),
('W155','2016-07-07','D','03',83),
('W155','2016-07-07','D','02',121.75),
('W155','2016-07-10','D','02',26.5),
('W155','2016-07-10','D','03',34.4),
('W155','2016-07-31','D','02',35.5),
('W155','2016-07-31','D','03',43),
('X770','2016-07-25','D','22',75.45),
('Y027','2016-07-25','D','03',22),
('Y027','2016-07-25','D','02',61.8),
('Z005','2016-07-30','D','22',24.75),
('Z005','2016-07-30','D','21',34.4),
('A043','2016-07-10','C','00',261.45),
('B146','2016-07-16','C','00',110.65),
('C099','2016-07-05','C','00',180.4),
('C355','2016-07-06','C','00',186),
('D053','2016-07-05','C','00',80.3),
('D110','2016-07-04','C','00',13.15),
('E211','2016-07-04','C','00',23.6),
('F200','2016-07-11','C','00',162.5),
('G116','2016-07-07','C','00',268.35),
('G305','2016-07-17','C','00',234.8),
('H019','2016-07-05','C','00',38.45),
('J061','2016-07-04','C','00',226.85),
('K132','2016-07-11','C','00',46.75),
('L105','2016-06-17','C','00',72.85),
('M111','2016-07-02','C','00',124.35),
('P109','2016-06-21','C','00',250.5),
('S511','2016-07-17','C','00',650.1),
('S526','2016-07-05','C','00',91.25),
('T187','2016-07-17','C','00',118.15),
('U014','2016-07-07','C','00',48.85),
('V063','2016-07-05','C','00',157.55),
('W147','2016-06-21','C','00',88.25),
('W155','2016-07-11','C','00',272.15),
('X770','2016-07-05','C','00',63.45),
('Y027','2016-07-05','C','00',59.8),
('Z005','2016-07-10','C','00',35.15),
('A043','2016-05-28','C','00',289.45),
('B146','2016-06-03','C','00',152.65),
('C099','2016-05-23','C','00',222.4),
('C355','2016-05-24','C','00',228),
('D053','2016-05-23','C','00',115.3),
('D110','2016-05-22','C','00',27.15),
('E211','2016-05-22','C','00',51.6),
('F200','2016-05-29','C','00',197.5),
('G116','2016-05-25','C','00',310.35),
('G305','2016-06-04','C','00',297.8),
('H019','2016-05-23','C','00',52.45),
('J061','2016-05-22','C','00',254.85),
('K132','2016-05-29','C','00',53.75),
('L105','2016-05-05','C','00',79.85),
('M111','2016-05-20','C','00',138.35),
('P109','2016-05-09','C','00',271.5),
('S511','2016-06-04','C','00',832.1),
('S526','2016-05-23','C','00',112.25),
('T187','2016-06-04','C','00',132.15),
('U014','2016-05-25','C','00',62.85),
('V063','2016-05-23','C','00',185.55),
('W147','2016-05-09','C','00',130.25),
('W155','2016-05-29','C','00',314.15),
('X770','2016-05-23','C','00',70.45),
('Y027','2016-05-23','C','00',73.8),
('Z005','2016-05-28','C','00',49.15);
